{
  "type": "minecraft:chest",
  "pools": [
    {
      "rolls": 10,
      "entries": [
        {
          "type": "minecraft:empty",
          "weight": 3000
        },
        {
          "type": "minecraft:item",
          "name": "minecraft:beef",
          "weight": 450
        },
        {
          "type": "minecraft:item",
          "name": "minecraft:chicken",
          "weight": 450
        },
        {
          "type": "minecraft:item",
          "name": "minecraft:carrot",
          "weight": 450
        },
        {
          "type": "minecraft:item",
          "name": "minecraft:baked_potato",
          "weight": 450
        },
        {
          "type": "minecraft:item",
          "name": "minecraft:apple",
          "weight": 300
        },
        {
          "type": "minecraft:item",
          "name": "minecraft:bread",
          "weight": 240
        },
        {
          "type": "minecraft:item",
          "name": "minecraft:cooked_beef",
          "weight": 150
        },
        {
          "type": "minecraft:item",
          "name": "minecraft:cooked_chicken",
          "weight": 150
        },
        {
          "type": "minecraft:item",
          "name": "minecraft:pumpkin_pie",
          "weight": 150
        },
        {
          "type": "minecraft:item",
          "name": "minecraft:golden_carrot",
          "weight": 150
        },
        {
          "type": "minecraft:item",
          "name": "minecraft:golden_apple",
          "weight": 60
        },
        {
          "type": "minecraft:item",
          "name": "minecraft:wooden_axe",
          "weight": 600
        },
        {
          "type": "minecraft:item",
          "name": "minecraft:wooden_sword",
          "weight": 600
        },
        {
          "type": "minecraft:item",
          "name": "minecraft:bow",
          "weight": 400
        },
        {
          "type": "minecraft:item",
          "name": "minecraft:stone_axe",
          "weight": 100
        },
        {
          "type": "minecraft:item",
          "name": "minecraft:stone_sword",
          "weight": 100
        },
        {
          "type": "minecraft:item",
          "name": "minecraft:crossbow",
          "weight": 100
        },
        {
          "type": "minecraft:item",
          "name": "minecraft:iron_sword",
          "weight": 40
        },
        {
          "type": "minecraft:item",
          "name": "minecraft:trident",
          "weight": 40,
          "functions": [
            {
              "function": "minecraft:set_enchantments",
              "enchantments": {
                "minecraft:loyalty": 3
              }
            }
          ]
        },
        {
          "type": "minecraft:item",
          "name": "minecraft:golden_axe",
          "weight": 20
        },
        {
          "type": "minecraft:item",
          "name": "minecraft:leather_boots",
          "weight": 200
        },
        {
          "type": "minecraft:item",
          "name": "minecraft:leather_chestplate",
          "weight": 200
        },
        {
          "type": "minecraft:item",
          "name": "minecraft:leather_helmet",
          "weight": 200
        },
        {
          "type": "minecraft:item",
          "name": "minecraft:leather_leggings",
          "weight": 200
        },
        {
          "type": "minecraft:item",
          "name": "minecraft:chainmail_helmet",
          "weight": 40
        },
        {
          "type": "minecraft:item",
          "name": "minecraft:chainmail_chestplate",
          "weight": 40
        },
        {
          "type": "minecraft:item",
          "name": "minecraft:chainmail_leggings",
          "weight": 40
        },
        {
          "type": "minecraft:item",
          "name": "minecraft:chainmail_boots",
          "weight": 40
        },
        {
          "type": "minecraft:item",
          "name": "minecraft:iron_helmet",
          "weight": 10
        },
        {
          "type": "minecraft:item",
          "name": "minecraft:iron_chestplate",
          "weight": 10
        },
        {
          "type": "minecraft:item",
          "name": "minecraft:iron_leggings",
          "weight": 10
        },
        {
          "type": "minecraft:item",
          "name": "minecraft:iron_boots",
          "weight": 10
        },
        {
          "type": "minecraft:item",
          "name": "minecraft:arrow",
          "weight": 700,
          "functions": [
            {
              "function": "minecraft:limit_count",
              "limit": 3
            }
          ]
        },
        {
          "type": "minecraft:item",
          "name": "minecraft:stick",
          "weight": 250
        },
        {
          "type": "minecraft:item",
          "name": "minecraft:gold_ingot",
          "weight": 40
        },
        {
          "type": "minecraft:item",
          "name": "minecraft:diamond",
          "weight": 10
        }
      ]
    }
  ]
}