{
  "type": "minecraft:vault",
  "pools": [
    {
      "rolls": 2,
      "bonus_rolls": 1,
      "entries": [
        {
          "type": "minecraft:item",
          "name": "minecraft:splash_potion",
          "weight": 6,
          "quality": 1,
          "functions": [
            {
              "function": "minecraft:set_components",
              "components": {
                "minecraft:potion_contents": {
                  "custom_color": 655386,
                  "custom_effects": [
                    {
                      "id": "minecraft:darkness",
                      "amplifier": 0,
                      "duration": 250
                    }
                  ]
                },
                "minecraft:custom_name": {
                  "text": "Splash Potion of Darkness",
                  "italic": false
                }
              }
            }
          ]
        },
        {
          "type": "minecraft:item",
          "name": "minecraft:splash_potion",
          "weight": 8,
          "quality": 1,
          "functions": [
            {
              "function": "minecraft:set_components",
              "components": {
                "minecraft:potion_contents": {
                  "custom_color": 16766968,
                  "custom_effects": [
                    {
                      "id": "minecraft:levitation",
                      "amplifier": 0,
                      "duration": 100
                    }
                  ]
                },
                "minecraft:custom_name": {
                  "text": "Splash Potion of Levitation",
                  "italic": false
                }
              }
            }
          ]
        },
        {
          "type": "minecraft:item",
          "name": "minecraft:splash_potion",
          "weight": 6,
          "quality": 1,
          "functions": [
            {
              "function": "minecraft:set_components",
              "components": {
                "minecraft:potion_contents": {
                  "potion": "minecraft:fire_resistance"
                }
              }
            }
          ]
        },
        {
          "type": "minecraft:item",
          "name": "minecraft:wind_charge",
          "weight": 10,
          "quality": 1,
          "functions": [
            {
              "function": "minecraft:set_count",
              "count": {
                "type": "minecraft:uniform",
                "min": 4,
                "max": 12
              },
              "add": false
            }
          ]
        },
        {
          "type": "minecraft:item",
          "name": "minecraft:chicken_spawn_egg",
          "weight": 8,
          "quality": 1,
          "functions": [
            {
              "function": "minecraft:set_count",
              "count": {
                "type": "minecraft:uniform",
                "min": 16,
                "max": 64
              },
              "add": false
            },
            {
              "function": "minecraft:set_components",
              "components": {
                "minecraft:entity_data": {
                  "id": "minecraft:tnt",
                  "fuse": 0,
                  "block_state": {
                    "Name": "minecraft:air"
                  },
                  "explosion_power": 0.06
                },
                "minecraft:item_model": "minecraft:torchflower",
                "minecraft:item_name": "Firecracker"
              }
            }
          ]
        },
        {
          "type": "minecraft:item",
          "name": "minecraft:spyglass",
          "weight": 8,
          "quality": 1
        },
        {
          "type": "minecraft:item",
          "name": "minecraft:cat_spawn_egg",
          "weight": 10,
          "quality": 1,
          "functions": [
            {
              "function": "minecraft:set_count",
              "count": {
                "type": "minecraft:uniform",
                "min": 8,
                "max": 16
              },
              "add": false
            },
            {
              "function": "minecraft:set_components",
              "components": {
                "minecraft:entity_data": {
                  "id": "minecraft:evoker_fangs",
                  "Warmup": -2147483647
                },
                "minecraft:item_name": "Meow"
              }
            }
          ]
        },
        {
          "type": "minecraft:item",
          "name": "minecraft:silverfish_spawn_egg",
          "weight": 6,
          "quality": 1,
          "functions": [
            {
              "function": "minecraft:set_count",
              "count": {
                "type": "minecraft:uniform",
                "min": 4,
                "max": 8
              },
              "add": false
            },
            {
              "function": "minecraft:set_components",
              "components": {
                "minecraft:entity_data": {
                  "id": "minecraft:evoker_fangs"
                },
                "minecraft:custom_name": "Maw"
              }
            }
          ]
        },
        {
          "type": "minecraft:item",
          "name": "minecraft:ender_pearl",
          "weight": 8,
          "quality": 1,
          "functions": [
            {
              "function": "minecraft:set_count",
              "count": {
                "type": "minecraft:uniform",
                "min": 2,
                "max": 4
              },
              "add": false
            }
          ]
        }
      ],
      "functions": [],
      "conditions": []
    },
    {
      "rolls": 1,
      "bonus_rolls": 0,
      "entries": [
        {
          "type": "minecraft:item",
          "name": "minecraft:stick",
          "weight": 10,
          "quality": 1,
          "functions": [
            {
              "function": "minecraft:set_components",
              "components": {
                "minecraft:equippable": {
                  "slot": "head",
                  "equip_sound": "minecraft:block.moss.place",
                  "camera_overlay": "minecraft:block/grass_block_side_overlay"
                },
                "minecraft:item_model": "minecraft:azalea",
                "minecraft:item_name": "Moss Helmet",
                "minecraft:max_stack_size": 1,
                "minecraft:rarity": "uncommon"
              }
            }
          ]
        },
        {
          "type": "minecraft:item",
          "name": "minecraft:feather",
          "weight": 10,
          "quality": 1,
          "functions": [
            {
              "function": "minecraft:set_components",
              "components": {
                "minecraft:item_model": "minecraft:white_stained_glass",
                "minecraft:item_name": "Space Helmet",
                "minecraft:attribute_modifiers": [
                  {
                    "type": "minecraft:gravity",
                    "id": "minecraft:gravity",
                    "amount": -0.5,
                    "operation": "add_multiplied_total"
                  }
                ],
                "minecraft:equippable": {
                  "slot": "head",
                  "equip_sound": "minecraft:item.bottle.fill_dragonbreath",
                  "camera_overlay": "minecraft:block/light_gray_stained_glass"
                },
                "minecraft:max_stack_size": 1,
                "minecraft:rarity": "uncommon"
              }
            }
          ]
        },
        {
          "type": "minecraft:item",
          "name": "minecraft:mace",
          "weight": 10,
          "quality": 1,
          "functions": [
            {
              "function": "minecraft:set_damage",
              "damage": 0.004,
              "add": false
            }
          ]
        },
        {
          "type": "minecraft:item",
          "name": "minecraft:vex_spawn_egg",
          "weight": 8,
          "quality": 1,
          "functions": [
            {
              "function": "minecraft:set_components",
              "components": {
                "minecraft:entity_data": {
                  "id": "vex",
                  "attributes": [
                    {
                      "id": "minecraft:attack_damage",
                      "base": -3,
                      "modifiers": []
                    }
                  ],
                  "DeathLootTable": "lobby:lobbyloottable"
                },
                "minecraft:rarity": "rare"
              }
            }
          ]
        }
      ]
    }
  ],
  "random_sequence": "minecraft:sequence"
}